language,size,api,A1_off_ms,B1_on_ms,B2_on_ms,A2_off_ms,B1_vs_A1_percent,B2_vs_A2_percent
Python,example,html,1.0855000000000246,1.073353999999938,1.029083999999898,1.0648330000000215,-1.1189313680411206,-3.3572400554944037
Python,example,tokens,1.5782705000000306,1.5505210000000034,1.538749999999709,1.5628750000000764,-1.7582220538257975,-1.5436295289364965
Python,large,html,15.607103999999708,15.902854000000389,15.60891649999985,15.532041499999877,1.894970392974149,0.49494459566035154
Python,large,tokens,22.32079199999953,22.714646000000357,22.338333000000148,22.49737550000009,1.7645162411837223,-0.7069380159474226
C,example,html,1.3745210000000156,1.3889579999998887,1.379103999999984,1.3901670000000763,1.0503295329698847,-0.7958036696376625
C,example,tokens,1.795082999999977,1.8120840000001408,1.7630834999999934,1.8032709999999952,0.9470871263425718,-2.228589047347951
C,large,html,19.894666500000312,19.051583500000106,19.651520999999775,19.943708000000242,-4.237733766485574,-1.465058553807863
C,large,tokens,25.72972899999968,24.367291499999737,25.44818749999922,25.673021000000517,-5.295187912783527,-0.8757578627045515
C++,example,html,5.233645500000193,5.006562499999973,5.101395999999795,5.267604000000119,-4.338906790691355,-3.1552865401484387
C++,example,tokens,9.125459000000319,8.694083000000319,9.23264549999999,9.24235399999975,-4.727170436029415,-0.10504358521390422
C++,large,html,80.28702049999993,82.10195849999945,79.47206200000028,80.67581249999967,2.2605621540028764,-1.492083516356768
C++,large,tokens,137.96556249999958,145.41166650000014,141.35574999999972,145.27616649999982,5.39707436049528,-2.698595781022417
Java,example,html,1.3946665000000849,1.5066670000001068,1.4635624999999663,1.488207999999986,8.030629544770385,-1.6560521109965753
Java,example,tokens,2.3437294999998812,2.504165999999941,2.4317499999999654,2.5111455000001115,6.845350540668971,-3.161724400284349
Java,large,html,21.747062500000084,22.58222899999987,22.17114600000059,22.74125049999998,3.8403646469484576,-2.506917990281088
Java,large,tokens,36.935978999999406,37.89939600000025,37.31647899999962,37.996853999999985,2.6083429384689216,-1.790608769874391
C#,example,html,1.8492500000000973,1.9275204999999005,1.8467079999999783,1.9682500000000118,4.232553737991029,-6.175130191796407
C#,example,tokens,2.7779165000000603,2.810771000000159,2.752625500000022,2.9562909999999647,1.1827029358189023,-6.889223692794289
C#,large,html,27.998604500000056,28.637958499999968,28.00612499999943,29.768687499999942,2.2835209519099786,-5.920860635862823
C#,large,tokens,41.72635349999928,42.51491700000042,42.14656249999916,45.12404200000037,1.8898452269527022,-6.598432604954107
JavaScript,example,html,2.179458000000068,2.371541500000035,2.3758960000000116,2.3498334999999315,8.813360936524628,1.109121135607305
JavaScript,example,tokens,3.3336040000001503,3.477583999999979,3.5546664999999393,3.6903339999998934,4.3190492931920454,-3.6762932569235796
JavaScript,large,html,31.992333000000144,33.773041499999636,32.55958349999992,35.457374999999956,5.56604765272819,-8.172605840110958
JavaScript,large,tokens,47.66343700000107,51.57891699999891,49.16247899999871,51.92464600000039,8.21485030548208,-5.319568283627129
Visual Basic,example,html,0.8517499999998108,0.9294375000000059,0.8851664999999684,0.954166999999984,9.120927502226284,-7.231490923498374
Visual Basic,example,tokens,1.4941670000000613,1.6000840000001517,1.579104499999744,1.6304999999999836,7.088698920541425,-3.1521312480981445
Visual Basic,large,html,13.386812999999847,14.139583499999844,13.498604000000114,14.966562500000009,5.623224138560867,-9.808254233394575
Visual Basic,large,tokens,24.02112500000021,23.9336045,23.80383400000028,24.582978999999796,-0.3643480478129568,-3.1694490728708002
SQL,example,html,2.6676250000001005,2.6347915000000057,2.5698754999999665,2.7370409999999765,-1.2308139262487638,-6.10752633957663
SQL,example,tokens,4.342500500000142,4.3034999999999854,4.308833999999933,4.476478999999927,-0.8981115834104214,-3.7450192439190677
SQL,large,html,41.176062,40.561000499999864,40.229917000000114,43.22456250000005,-1.4937356078396635,-6.928110608406801
SQL,large,tokens,66.13043749999997,65.79187499999989,64.74972949999938,71.11972949999927,-0.5119616817899963,-8.95672697967722
R,example,html,0.8440835000000106,0.833417000000054,0.8185829999999896,0.8360830000000306,-1.2636782972249128,-2.093093628268994
R,example,tokens,0.8885000000000218,0.872291000000132,0.8471660000000156,0.8616665000001831,-1.824310635890758,-1.6828436524066293
R,large,html,14.086854500000072,13.730021000000079,13.764062499999909,15.455562499999814,-2.533095660212803,-10.944279769823495
R,large,tokens,13.0490420000001,12.855395999999928,12.812083000000257,12.849979000000076,-1.48398633401724,-0.294910987790864
Rust,example,html,0.9121044999999981,0.8780204999999626,0.8780420000000504,0.8698954999999842,-3.736852520740286,0.93649179701083
Rust,example,tokens,1.2737909999998465,1.2320420000000922,1.298458500000038,1.2302915000002486,-3.2775392509257206,5.540719414852147
Rust,large,html,13.298874999999953,13.73110399999996,13.790583500000139,13.793958000000202,3.2501170211766572,-0.024463609357538996
Rust,large,tokens,17.65277100000003,18.074749999999767,18.346437499999865,18.91245850000041,2.390440571623209,-2.9928472810689
Fortran,example,html,2.00841650000001,2.0360829999999623,2.003832999999929,2.164354000000003,1.3775280177170668,-7.4165778795924115
Fortran,example,tokens,3.1437919999998485,3.2884375000001,3.2173750000001746,3.309125000000222,4.600988233326464,-2.7726362709187824
Fortran,large,html,29.021583500000133,29.55822900000021,29.407436999999845,33.38927049999984,1.8491254965466553,-11.925488159437359
Fortran,large,tokens,47.25737499999968,47.92275000000018,48.24918750000006,50.560812499999884,1.407981293926075,-4.571969645463724
Go,example,html,1.0154790000001412,1.0387290000000462,1.0421660000000657,1.10512499999993,2.2895599022630497,-5.697002601503753
Go,example,tokens,1.3154160000001411,1.3809160000000702,1.3869590000003882,1.4163750000000164,4.979413356681239,-2.0768511163800407
Go,large,html,14.957521000000042,15.14120849999972,15.291667000000416,15.76693800000021,1.2280611205538472,-3.0143519306017885
Go,large,tokens,19.918228999999883,20.255270999999993,19.86443750000035,21.406395500000144,1.692128351371558,-7.203258484128183
Delphi/Object Pascal,example,html,0.8155830000000037,0.8586250000000177,0.852854000000093,0.8445834999999988,5.27745183506938,0.9792400633086285
Delphi/Object Pascal,example,tokens,0.9592089999998734,1.002228999999943,0.9899169999998776,0.9930420000000595,4.484945408151431,-0.31468961032682374
Delphi/Object Pascal,large,html,13.508791499999916,13.61304199999995,13.550958499999751,14.815895999999839,0.7717233625231135,-8.537705043286625
Delphi/Object Pascal,large,tokens,15.12829150000016,15.16983300000038,15.240708000000268,16.742208500000288,0.27459478818359084,-8.968353846507139
PHP,example,html,1.5882500000000164,1.6241659999999456,1.6338544999998703,1.7674584999999752,2.2613568392840566,-7.559102519244821
PHP,example,tokens,2.276479499999823,2.3022500000001855,2.3550835000000916,2.3923545000000104,1.1320330361140662,-1.5579212863277014
PHP,large,html,20.598374499999863,19.484458500000073,19.832895500000177,21.682542000000012,-5.407785939612841,-8.530579578722064
PHP,large,tokens,31.37035400000059,29.84189550000019,31.009770499998922,33.25877049999872,-4.872302365476555,-6.762126098437349
Assembly language,example,html,1.0625415000000658,1.0504165000000967,1.0534165000001394,1.0813339999999698,-1.1411318993157726,-2.5817647461220283
Assembly language,example,tokens,1.4767080000001442,1.4515000000001237,1.4733750000000327,1.501792000000023,-1.7070402544049346,-1.8922061110986044
Assembly language,large,html,15.729458499999964,15.452436999999463,15.625291999999718,15.828083499999593,-1.7611636153940124,-1.2812132308998803
Assembly language,large,tokens,21.516853500000252,21.249854499999856,21.1577084999999,22.87231250000059,-1.2408831058890346,-7.496417338651906
Ada,example,html,0.9631039999999302,0.9727289999999584,1.0052499999999327,1.0670000000000073,0.9993728610854902,-5.787253983137219
Ada,example,tokens,1.0684374999998454,1.1027500000000146,1.0626455000000306,1.1391249999996944,3.211465340759201,-6.713881268489796
Ada,large,html,14.166917000000012,14.072957999999744,14.328833499999973,14.827458500000148,-0.6632282803680445,-3.36284873095527
Ada,large,tokens,15.656750000000102,15.302478999999494,15.492062499999975,16.16162450000047,-2.262736519396469,-4.142912737518911
Swift,example,html,1.1875,1.1655210000000125,1.1723540000000412,1.2341874999999618,-1.8508631578936896,-5.01005722387583
Swift,example,tokens,1.7226660000001175,1.7364790000001449,1.7558750000002874,1.7971670000001723,0.8018385456046939,-2.2976161925898353
Swift,large,html,16.55410449999954,16.31364600000029,16.488958499999626,17.109541500000432,-1.4525612061906168,-3.627116483517634
Swift,large,tokens,24.519041000000016,24.24920850000035,24.558291499999996,25.5786879999996,-1.1005018507847297,-3.9892448744815234
Objective-C,example,html,1.3311250000000427,1.384396000000038,1.410395499999936,1.3838329999999814,4.001953235045064,1.9194873947907753
Objective-C,example,tokens,2.039249999999811,2.0765410000003612,2.0921670000000177,2.137583499999664,1.8286624984947375,-2.124665539365067
Objective-C,large,html,19.060645999999906,19.651124999999865,19.527353999999832,19.529479000000265,3.0978960524211008,-0.010880986637851198
Objective-C,large,tokens,30.40625000000091,29.884062499999345,30.00114549999944,30.11558350000041,-1.7173689619783716,-0.3799959579098733
COBOL,example,html,2.822999999999979,2.705459000000019,2.732584000000088,2.760541499999931,-4.16369110874818,-1.0127542005741952
COBOL,example,tokens,4.652500000000032,4.5423339999999826,4.550125000000207,4.576729,-2.3678882321343075,-0.5812885141286084
COBOL,large,html,42.51906250000002,41.438270999999986,41.83404200000041,43.49410399999988,-2.5418987071975763,-3.816751806174634
COBOL,large,tokens,71.05647950000002,69.13931299999967,69.79504199999974,70.98429149999993,-2.698088215868266,-1.6753699654805887
